procedure,calls,inclusive_time,exclusive_time
IGNITE,42674,96.917724,96.917724
GO,100,525.661419,378.009744
FADE-EMBERS,100,22.287815,51.913838
SETUP,1,245.906786,244.726899
